{
    "yellow box": {
        "translation": {
            "x": 0.7843472957611084,
            "y": -0.08721806108951587,
            "z": 0.17085680365562456
        },
        "quaternion": {
            "x": 0.09511231708428941,
            "y": -0.411233083094599,
            "z": 0.16897020489977987,
            "w": -0.8906683267993168
        }
    },
    "water bottle": {
        "translation": {
            "x": 0.813502013683319,
            "y": -0.33282107114791887,
            "z": -0.03825569152832013
        },
        "quaternion": {
            "x": 0.025751258170421898,
            "y": 0.2524884788730954,
            "z": 0.04066819572518904,
            "w": 0.966401851506633
        }
    },
    "coffee cup": {
        "translation": {
            "x": 1.033661127090454,
            "y": -0.013919230550527802,
            "z": 0.06494200229644799
        },
        "quaternion": {
            "x": 0.18609458407207036,
            "y": 0.1565685154073094,
            "z": 0.3418266829700165,
            "w": -0.9077497587837247
        }
    }
}