{
    "white cup": {
        "translation": {
            "x": 0.33509427309036255,
            "y": 0.04022333398461342,
            "z": 0.6721741557121277
        },
        "quaternion": {
            "x": -0.11860021535122915,
            "y": -0.14156914636454448,
            "z": 0.09203480130696774,
            "w": 0.978479310493913
        }
    }
}