{
    "red cup": {
        "translation": {
            "x": 0.2839248776435852,
            "y": 0.013173788785934448,
            "z": 0.8190195560455322
        },
        "quaternion": {
            "x": -0.29133846309886735,
            "y": -0.16871353247599577,
            "z": -0.025325038246604654,
            "w": 0.9412843812134932
        }
    },
    "green bottle": {
        "translation": {
            "x": 0.1421431303024292,
            "y": 0.0465615838766098,
            "z": 0.5158720016479492
        },
        "quaternion": {
            "x": -0.07574717570446815,
            "y": -0.42949114509232494,
            "z": -0.31240010458647,
            "w": 0.8439229208372306
        }
    }
}