{
    "mug": {
        "translation": {
            "x": -0.13041619956493378,
            "y": -0.031109504401683807,
            "z": 0.38464924693107605
        },
        "quaternion": {
            "x": -0.4249039695230506,
            "y": -0.2531229869112573,
            "z": -0.17701232953938806,
            "w": 0.8509124545872607
        }
    },
    "bottle": {
        "translation": {
            "x": -0.059969089925289154,
            "y": -0.22977183759212494,
            "z": 0.5614046454429626
        },
        "quaternion": {
            "x": -0.49859072620347106,
            "y": -0.49913874618015813,
            "z": -0.44445712568677737,
            "w": 0.5520196221438539
        }
    }
}