{
    "translation": {
        "x": 0.06480973213911057,
        "y": -0.062213778495788574,
        "z": 0.35561269521713257
    },
    "quaternion": {
        "x": 0.4587765682324953,
        "y": 0.3845864455934703,
        "z": 0.5725444733801572,
        "w": -0.5601876045651436
    }
}