{
    "cup": {
        "translation": {
            "x": 1.0994141101837158,
            "y": -0.07411501556634928,
            "z": 0.07594802975654627
        },
        "quaternion": {
            "x": 0.10702950360172485,
            "y": -0.01938442829354534,
            "z": 0.33321262639411325,
            "w": -0.9365566052887769
        }
    },
    "bottle": {
        "translation": {
            "x": 0.9120206832885741,
            "y": -0.2660409808158877,
            "z": 0.03608943521976491
        },
        "quaternion": {
            "x": 0.5194903611629481,
            "y": -0.41551224036721973,
            "z": 0.479442748378433,
            "w": -0.5723757452855058
        }
    }
}