{
    "mug": {
        "translation": {
            "x": 0.2545551657676697,
            "y": -0.013506457209587097,
            "z": 0.8437021374702454
        },
        "quaternion": {
            "x": -0.4889926217213212,
            "y": -0.26014054031841016,
            "z": -0.1975725786098257,
            "w": 0.8088128283888794
        }
    },
    "bottle": {
        "translation": {
            "x": 0.002398476004600525,
            "y": 0.01302233338356018,
            "z": 0.6959073543548584
        },
        "quaternion": {
            "x": 0.22375878099322682,
            "y": -0.5049641789955553,
            "z": -0.28084808989859045,
            "w": 0.7848996982163282
        }
    }
}