{
    "mug": {
        "translation": {
            "x": 0.3037700057029724,
            "y": 0.04513049125671387,
            "z": 0.8033128380775452
        },
        "quaternion": {
            "x": -0.1157532292703352,
            "y": -0.2505494285310011,
            "z": -0.007643451079583684,
            "w": 0.9611283740645012
        }
    }
}