{
    "translation": {
        "x": 0.029960500076413155,
        "y": -0.043716564774513245,
        "z": 0.3934016525745392
    },
    "quaternion": {
        "x": 0.5114299088275792,
        "y": 0.45477047343019855,
        "z": 0.5245310797917189,
        "w": -0.5064488238560937
    }
}