{
    "mug": {
        "translation": {
            "x": -0.14103828370571136,
            "y": -0.04266391694545746,
            "z": 0.388385146856308
        },
        "quaternion": {
            "x": -0.4666507493796388,
            "y": -0.20578974817238954,
            "z": -0.1662052995471644,
            "w": 0.8439570226338562
        }
    },
    "bottle": {
        "translation": {
            "x": -0.035139963030815125,
            "y": -0.22148659825325012,
            "z": 0.5592387914657593
        },
        "quaternion": {
            "x": -0.39551887770189276,
            "y": -0.5494843724105808,
            "z": -0.4119839313265946,
            "w": 0.6098368488265277
        }
    }
}