{
    "x": -0.08829633571091344,
    "y": 0.015055161645014041,
    "z": 0.4820001042774709
}